sku_id,category,subcategory,brand,pack_size,price,cost,margin_pct,seasonality,cluster_preference
SKU00001,Staples,Staples_Sub1,CoolSip,200,49.01,29.43,39.95,0.2963081204559901,E
SKU00002,Beverages,Beverages_Sub4,PureCare,200,118.65,77.09,35.03,0.3843266471596817,D
SKU00003,Kids,Kids_Sub3,FizMax,200,96.5,51.27,46.87,0.41758077578492836,C
SKU00004,Staples,Staples_Sub1,FizMax,200,91.77,47.97,47.73,0.40158023642548746,E
SKU00005,Staples,Staples_Sub1,CoolSip,200,23.24,12.0,48.36,0.38409061149124957,A
SKU00006,Beverages,Beverages_Sub2,CoolSip,1000,48.51,25.24,47.97,0.9691026301408113,A
SKU00007,Beverages,Beverages_Sub3,ChillFrost,250,67.75,40.05,40.89,0.5152479243147259,B
SKU00008,Staples,Staples_Sub1,CoolSip,1000,60.97,43.78,28.19,0.7478716040922285,A
SKU00009,Beverages,Beverages_Sub4,Miko,200,20.06,16.19,19.29,0.26560004258870606,D
SKU00010,Essentials,Essentials_Sub1,CoolSip,200,103.74,53.16,48.76,0.329051365369871,A
SKU00011,Essentials,Essentials_Sub3,CoolSip,250,54.93,34.63,36.96,0.2597537837603262,E
SKU00012,Snacks,Snacks_Sub2,Miko,200,34.22,25.29,26.1,0.07613085949030018,A
SKU00013,Snacks,Snacks_Sub4,BakeWell,1000,66.77,54.57,18.27,0.5713189419195741,B
SKU00014,Frozen,Frozen_Sub1,BakeWell,200,106.65,83.09,22.09,0.6584518346584255,A
SKU00015,Frozen,Frozen_Sub3,PureCare,200,102.07,75.95,25.59,0.6801407717603004,C
SKU00016,Staples,Staples_Sub4,BakeWell,500,115.74,76.73,33.7,0.8790714802281316,B
SKU00017,Snacks,Snacks_Sub4,CoolSip,200,91.79,51.06,44.37,0.8179670241190622,E
SKU00018,Essentials,Essentials_Sub4,FizMax,1000,19.25,11.82,38.6,0.5598443123088295,B
SKU00019,Kids,Kids_Sub4,BakeWell,500,24.13,14.46,40.07,0.01842771873821747,A
SKU00020,Snacks,Snacks_Sub3,ChillFrost,1000,29.74,22.72,23.6,0.7888069818707443,D
SKU00021,Kids,Kids_Sub2,ChillFrost,500,28.3,21.79,23.0,0.7085720046026294,A
SKU00022,Staples,Staples_Sub2,CoolSip,250,105.87,89.01,15.93,0.9688778552856915,D
SKU00023,Frozen,Frozen_Sub3,ChillFrost,200,52.2,27.3,47.7,0.821512947407441,C
SKU00024,Frozen,Frozen_Sub2,FizMax,250,40.1,34.04,15.11,0.42618130223597295,E
SKU00025,Beverages,Beverages_Sub3,BakeWell,200,42.82,34.0,20.6,0.7728227800168045,D
SKU00026,Staples,Staples_Sub3,CoolSip,500,114.59,63.35,44.72,0.4323348010426019,E
SKU00027,Essentials,Essentials_Sub3,ChillFrost,250,93.61,61.3,34.52,0.31195199049513045,B
SKU00028,Kids,Kids_Sub2,FizMax,200,32.04,25.76,19.6,0.7149240402022476,B
SKU00029,Kids,Kids_Sub4,CoolSip,1000,27.52,15.72,42.88,0.09116449040619168,C
SKU00030,Staples,Staples_Sub2,ChillFrost,500,78.88,43.06,45.41,0.032526179491251916,D
SKU00031,Snacks,Snacks_Sub3,ChillFrost,250,60.83,30.44,49.96,0.598327265122427,D
SKU00032,Kids,Kids_Sub4,PureCare,250,34.81,19.36,44.38,0.6515194668022647,E
SKU00033,Essentials,Essentials_Sub2,CoolSip,1000,60.07,30.28,49.59,0.07244688779455888,B
SKU00034,Staples,Staples_Sub3,Miko,1000,82.27,62.93,23.51,0.952648638038717,A
SKU00035,Frozen,Frozen_Sub2,CoolSip,1000,26.05,13.96,46.41,0.5709045018441643,D
SKU00036,Kids,Kids_Sub1,FizMax,1000,11.07,6.8,38.57,0.5177116433847114,A
SKU00037,Beverages,Beverages_Sub1,Miko,200,100.7,62.96,37.48,0.32209470221933534,B
SKU00038,Staples,Staples_Sub2,FizMax,500,32.02,17.89,44.13,0.10456784033440025,C
SKU00039,Essentials,Essentials_Sub3,CoolSip,250,75.43,53.99,28.42,0.6129441748656059,A
SKU00040,Snacks,Snacks_Sub4,FizMax,1000,98.19,60.76,38.12,0.8148251137465122,C
SKU00041,Kids,Kids_Sub4,ChillFrost,250,99.9,65.77,34.16,0.643577695196525,A
SKU00042,Kids,Kids_Sub2,Miko,500,89.73,63.5,29.23,0.6502941858734539,A
SKU00043,Essentials,Essentials_Sub3,FizMax,500,117.35,72.51,38.21,0.18211791568869928,E
SKU00044,Frozen,Frozen_Sub4,FizMax,250,89.11,51.68,42.0,0.9963339160567419,A
SKU00045,Frozen,Frozen_Sub3,ChillFrost,250,54.36,31.38,42.27,0.4183997886676527,A
SKU00046,Kids,Kids_Sub1,Miko,200,89.99,68.39,24.0,0.42549333444807536,D
SKU00047,Kids,Kids_Sub4,Miko,1000,65.53,45.23,30.98,0.513995867808725,A
SKU00048,Kids,Kids_Sub2,BakeWell,250,63.53,51.19,19.42,0.9007018640112585,B
SKU00049,Frozen,Frozen_Sub3,FizMax,250,49.51,31.41,36.56,0.4658128070202485,E
SKU00050,Beverages,Beverages_Sub3,FizMax,1000,54.58,38.79,28.93,0.6325405332263061,B
SKU00051,Essentials,Essentials_Sub1,Miko,200,58.09,31.03,46.58,0.4050207990803215,A
SKU00052,Kids,Kids_Sub2,Miko,200,53.02,44.5,16.07,0.25813343270112754,E
SKU00053,Essentials,Essentials_Sub3,PureCare,1000,75.86,48.46,36.12,0.23702785710833618,C
SKU00054,Snacks,Snacks_Sub3,Miko,250,46.4,30.49,34.29,0.6693904014593614,A
SKU00055,Beverages,Beverages_Sub1,ChillFrost,1000,77.89,58.21,25.27,0.16704190790094986,D
SKU00056,Kids,Kids_Sub1,CoolSip,200,49.24,33.81,31.34,0.7817903298450294,D
SKU00057,Kids,Kids_Sub3,Miko,1000,69.39,35.53,48.8,0.9866929803571616,A
SKU00058,Essentials,Essentials_Sub4,FizMax,200,80.4,46.52,42.14,0.1800104374727235,C
SKU00059,Essentials,Essentials_Sub1,PureCare,500,14.57,8.04,44.82,0.9866301229588469,C
SKU00060,Frozen,Frozen_Sub2,FizMax,200,80.3,64.54,19.63,0.4547398556338591,C
SKU00061,Snacks,Snacks_Sub3,ChillFrost,250,25.36,12.95,48.94,0.3079299415911909,B
SKU00062,Snacks,Snacks_Sub4,FizMax,200,20.33,14.95,26.46,0.44375021930457115,E
SKU00063,Staples,Staples_Sub3,FizMax,200,102.19,84.88,16.94,0.6832480282896458,B
SKU00064,Snacks,Snacks_Sub1,FizMax,1000,105.11,80.83,23.1,0.11310981907657303,A
SKU00065,Staples,Staples_Sub4,PureCare,200,33.72,24.64,26.93,0.3938644056541585,E
SKU00066,Beverages,Beverages_Sub2,Miko,1000,27.52,19.59,28.82,0.3181115536181195,A
SKU00067,Beverages,Beverages_Sub1,BakeWell,200,19.95,11.99,39.9,0.10910963176574973,B
SKU00068,Essentials,Essentials_Sub2,Miko,1000,83.44,65.31,21.73,0.7622851347766157,A
SKU00069,Frozen,Frozen_Sub1,CoolSip,200,23.22,16.04,30.92,0.0057586604981215705,A
SKU00070,Kids,Kids_Sub2,BakeWell,500,52.74,34.65,34.3,0.23754413087432746,A
SKU00071,Frozen,Frozen_Sub4,Miko,250,74.58,41.69,44.1,0.6425759689471896,B
SKU00072,Staples,Staples_Sub1,CoolSip,200,104.97,71.56,31.83,0.47918187762973097,E
SKU00073,Essentials,Essentials_Sub2,PureCare,1000,26.39,18.06,31.56,0.24606965879799825,D
SKU00074,Frozen,Frozen_Sub4,Miko,250,88.99,74.26,16.55,0.01823258267636163,C
SKU00075,Essentials,Essentials_Sub4,PureCare,1000,111.97,58.35,47.89,0.9344360268055143,C
SKU00076,Snacks,Snacks_Sub2,BakeWell,1000,38.25,22.94,40.03,0.3072899649262866,D
SKU00077,Frozen,Frozen_Sub4,FizMax,1000,88.94,56.92,36.0,0.9767252386625789,B
SKU00078,Beverages,Beverages_Sub2,CoolSip,500,84.92,47.85,43.65,0.5251633836670602,A
SKU00079,Snacks,Snacks_Sub1,FizMax,1000,115.92,77.58,33.07,0.8059925497751581,A
SKU00080,Kids,Kids_Sub4,BakeWell,250,22.35,11.2,49.89,0.6379852057932976,E
SKU00081,Staples,Staples_Sub4,PureCare,250,33.32,23.79,28.6,0.4110284698067047,E
SKU00082,Snacks,Snacks_Sub4,PureCare,250,38.12,23.09,39.43,0.7319580675856345,D
SKU00083,Kids,Kids_Sub3,FizMax,200,20.51,14.73,28.18,0.4517676787372291,B
SKU00084,Essentials,Essentials_Sub3,PureCare,500,105.62,70.29,33.45,0.5353581018426609,E
SKU00085,Frozen,Frozen_Sub4,CoolSip,250,38.26,27.59,27.89,0.058454614108553904,A
SKU00086,Snacks,Snacks_Sub4,CoolSip,500,86.47,55.47,35.85,0.42819961492561476,A
SKU00087,Beverages,Beverages_Sub3,ChillFrost,250,21.45,16.16,24.66,0.5783869170064091,E
SKU00088,Staples,Staples_Sub4,BakeWell,200,75.53,48.37,35.96,0.36695607920480067,A
SKU00089,Kids,Kids_Sub1,PureCare,1000,17.44,13.61,21.96,0.23371208191043302,E
SKU00090,Staples,Staples_Sub4,FizMax,500,68.63,42.11,38.64,0.33300191305819793,B
SKU00091,Kids,Kids_Sub2,Miko,200,119.5,78.42,34.38,0.3335695494722004,D
SKU00092,Snacks,Snacks_Sub4,BakeWell,200,79.85,61.02,23.58,0.17047793817391754,B
SKU00093,Staples,Staples_Sub2,PureCare,500,93.18,57.93,37.83,0.664911724487218,D
SKU00094,Frozen,Frozen_Sub4,Miko,200,23.18,19.49,15.92,0.02002635592582447,D
SKU00095,Kids,Kids_Sub1,PureCare,250,67.31,48.35,28.17,0.08912443211601662,A
SKU00096,Essentials,Essentials_Sub4,ChillFrost,250,27.52,14.37,47.78,0.11764902847355863,B
SKU00097,Essentials,Essentials_Sub2,PureCare,200,48.1,28.07,41.64,0.5097242467516981,C
SKU00098,Kids,Kids_Sub2,FizMax,1000,106.07,59.04,44.34,0.7862759567570945,D
SKU00099,Essentials,Essentials_Sub4,FizMax,1000,112.37,60.76,45.93,0.8174497084911916,C
SKU00100,Staples,Staples_Sub4,FizMax,250,89.36,49.1,45.05,0.21198249090223853,A
SKU00101,Essentials,Essentials_Sub3,FizMax,500,86.44,53.69,37.89,0.9756102008599149,B
SKU00102,Beverages,Beverages_Sub2,PureCare,200,104.82,86.26,17.71,0.4870619188189359,E
SKU00103,Kids,Kids_Sub3,CoolSip,200,100.77,73.89,26.67,0.12176191112527479,E
SKU00104,Snacks,Snacks_Sub4,PureCare,500,115.94,80.27,30.77,0.96582216115322,D
SKU00105,Essentials,Essentials_Sub3,Miko,1000,58.35,31.33,46.31,0.6408263146902062,E
SKU00106,Frozen,Frozen_Sub2,FizMax,1000,50.13,31.85,36.47,0.5644410906788825,B
SKU00107,Snacks,Snacks_Sub1,FizMax,250,119.44,62.14,47.97,0.6950352288585532,A
SKU00108,Frozen,Frozen_Sub1,CoolSip,200,23.35,14.15,39.4,0.10104581101064669,D
SKU00109,Beverages,Beverages_Sub4,ChillFrost,500,35.18,20.45,41.87,0.22080262978563914,E
SKU00110,Kids,Kids_Sub4,ChillFrost,250,56.87,31.04,45.42,0.8866042152404667,E
SKU00111,Frozen,Frozen_Sub3,CoolSip,1000,62.98,35.39,43.81,0.3870787603356308,E
SKU00112,Staples,Staples_Sub3,FizMax,250,62.95,31.9,49.32,0.2598132087450342,B
SKU00113,Snacks,Snacks_Sub4,BakeWell,200,45.59,36.11,20.79,0.6292988060107362,E
SKU00114,Snacks,Snacks_Sub1,BakeWell,1000,63.66,34.28,46.15,0.547959488973693,E
SKU00115,Kids,Kids_Sub4,BakeWell,250,23.99,19.26,19.72,0.24347796840486724,B
SKU00116,Frozen,Frozen_Sub1,BakeWell,1000,104.55,66.63,36.27,0.9562221906489483,A
SKU00117,Beverages,Beverages_Sub4,PureCare,1000,44.69,33.11,25.91,0.4376031240553919,E
SKU00118,Beverages,Beverages_Sub2,FizMax,250,37.84,29.27,22.65,0.8251321959287038,B
SKU00119,Frozen,Frozen_Sub2,PureCare,500,107.83,70.92,34.23,0.8824594404560998,E
SKU00120,Kids,Kids_Sub1,BakeWell,1000,14.58,7.72,47.05,0.7163233880626823,E
SKU00121,Frozen,Frozen_Sub4,CoolSip,1000,13.91,9.43,32.21,0.38759523148276953,D
SKU00122,Frozen,Frozen_Sub4,CoolSip,500,96.22,60.06,37.58,0.4121309302627716,E
SKU00123,Staples,Staples_Sub2,FizMax,250,19.09,12.98,32.01,0.8989008240062354,A
SKU00124,Beverages,Beverages_Sub2,FizMax,500,23.35,16.7,28.48,0.774633780637788,A
SKU00125,Beverages,Beverages_Sub2,Miko,500,116.53,90.84,22.05,0.29282203670096474,B
SKU00126,Staples,Staples_Sub1,BakeWell,1000,92.29,72.37,21.58,0.6564786073315027,C
SKU00127,Snacks,Snacks_Sub3,PureCare,1000,75.84,40.44,46.68,0.3759928899413114,D
SKU00128,Snacks,Snacks_Sub1,FizMax,250,40.12,33.1,17.5,0.6759822755863554,C
SKU00129,Staples,Staples_Sub1,BakeWell,500,83.86,51.23,38.91,0.8792686599978382,D
SKU00130,Beverages,Beverages_Sub3,FizMax,200,93.05,61.52,33.89,0.8419985528900615,D
SKU00131,Frozen,Frozen_Sub4,Miko,250,118.31,97.97,17.19,0.04317373579701167,B
SKU00132,Snacks,Snacks_Sub1,BakeWell,500,20.11,16.85,16.21,0.4883941300649396,D
SKU00133,Essentials,Essentials_Sub2,CoolSip,200,74.94,50.8,32.21,0.2975484513188206,C
SKU00134,Essentials,Essentials_Sub2,ChillFrost,500,106.49,69.41,34.82,0.1608481739577462,B
SKU00135,Beverages,Beverages_Sub4,BakeWell,500,119.1,63.68,46.53,0.40149431586128825,B
SKU00136,Snacks,Snacks_Sub3,PureCare,250,91.66,71.98,21.47,0.6149782403411324,B
SKU00137,Beverages,Beverages_Sub4,BakeWell,200,70.96,35.61,49.82,0.7609907600280938,D
SKU00138,Beverages,Beverages_Sub2,Miko,200,115.39,72.55,37.13,0.3269316163380791,C
SKU00139,Staples,Staples_Sub4,CoolSip,200,23.72,15.06,36.51,0.6433651799117843,B
SKU00140,Staples,Staples_Sub3,FizMax,200,82.93,41.52,49.93,0.17837258430732983,B
SKU00141,Staples,Staples_Sub2,ChillFrost,1000,97.36,51.85,46.74,0.5882022669483905,D
SKU00142,Essentials,Essentials_Sub2,CoolSip,1000,21.46,12.42,42.12,0.7029434409786768,B
SKU00143,Staples,Staples_Sub2,CoolSip,500,12.52,7.67,38.74,0.636490651049154,C
SKU00144,Staples,Staples_Sub4,BakeWell,1000,96.34,72.03,25.23,0.7886149646724064,C
SKU00145,Essentials,Essentials_Sub4,Miko,500,90.91,52.96,41.74,0.37142200187304575,A
SKU00146,Frozen,Frozen_Sub4,CoolSip,500,119.82,99.04,17.34,0.6425651995351915,A
SKU00147,Staples,Staples_Sub4,ChillFrost,1000,29.61,21.91,26.0,0.9911264318213037,D
SKU00148,Frozen,Frozen_Sub3,PureCare,250,74.65,42.14,43.55,0.3622354416522884,B
SKU00149,Frozen,Frozen_Sub1,CoolSip,200,74.44,52.5,29.47,0.6976706275200751,C
SKU00150,Essentials,Essentials_Sub3,BakeWell,500,38.52,25.05,34.97,0.8727302504846018,E
SKU00151,Essentials,Essentials_Sub4,PureCare,200,60.4,40.41,33.1,0.13347997241594378,D
SKU00152,Staples,Staples_Sub3,FizMax,500,58.05,43.85,24.46,0.7655128989911097,D
SKU00153,Kids,Kids_Sub4,PureCare,500,111.49,74.17,33.47,0.01340262643216561,D
SKU00154,Snacks,Snacks_Sub2,Miko,1000,40.33,24.06,40.34,0.787126602601604,B
SKU00155,Staples,Staples_Sub3,FizMax,200,95.44,49.9,47.72,0.4875711936733843,C
SKU00156,Kids,Kids_Sub2,FizMax,500,25.32,17.38,31.36,0.41109560260070654,B
SKU00157,Frozen,Frozen_Sub4,BakeWell,250,101.07,78.4,22.43,0.624425446471728,E
SKU00158,Snacks,Snacks_Sub1,FizMax,200,81.96,46.66,43.07,0.5653302545716099,C
SKU00159,Frozen,Frozen_Sub1,BakeWell,1000,116.41,65.66,43.6,0.022035160297504186,E
SKU00160,Kids,Kids_Sub3,FizMax,200,103.57,72.13,30.36,0.5233909113743664,E
SKU00161,Essentials,Essentials_Sub2,ChillFrost,250,69.68,54.15,22.29,0.5488386567200587,B
SKU00162,Staples,Staples_Sub2,Miko,250,63.32,35.33,44.2,0.9456981470002823,A
SKU00163,Snacks,Snacks_Sub2,FizMax,1000,55.29,40.24,27.22,0.5454318694069055,D
SKU00164,Frozen,Frozen_Sub2,CoolSip,1000,97.34,65.61,32.6,0.3397774715618851,E
SKU00165,Kids,Kids_Sub2,ChillFrost,250,92.95,47.06,49.37,0.12625378279261346,D
SKU00166,Kids,Kids_Sub2,CoolSip,200,59.64,50.38,15.53,0.7720124763099904,B
SKU00167,Beverages,Beverages_Sub4,Miko,500,110.01,75.75,31.14,0.4978125080342902,D
SKU00168,Beverages,Beverages_Sub3,FizMax,500,95.32,79.84,16.24,0.2037664591276891,B
SKU00169,Kids,Kids_Sub4,PureCare,1000,40.41,24.62,39.07,0.6426746576724236,B
SKU00170,Snacks,Snacks_Sub4,ChillFrost,250,97.26,59.41,38.92,0.857179256998753,C
SKU00171,Frozen,Frozen_Sub2,CoolSip,1000,65.78,46.66,29.07,0.03338360178638122,E
SKU00172,Kids,Kids_Sub4,CoolSip,200,58.44,41.81,28.46,0.08346408498938329,A
SKU00173,Kids,Kids_Sub3,Miko,500,116.38,75.21,35.38,0.9841103190364978,E
SKU00174,Staples,Staples_Sub1,FizMax,1000,119.68,100.88,15.71,0.6561340180205807,C
SKU00175,Essentials,Essentials_Sub1,CoolSip,200,13.23,10.43,21.16,0.20975294768368136,E
SKU00176,Frozen,Frozen_Sub1,ChillFrost,200,42.61,35.0,17.86,0.11074844531895811,D
SKU00177,Kids,Kids_Sub1,CoolSip,250,100.38,66.33,33.92,0.3577982653254418,B
SKU00178,Staples,Staples_Sub3,ChillFrost,1000,67.8,39.7,41.45,0.11294320841117356,B
SKU00179,Staples,Staples_Sub1,BakeWell,500,25.62,15.93,37.82,0.45035097890541265,B
SKU00180,Frozen,Frozen_Sub1,Miko,200,102.56,68.2,33.5,0.9791049380151545,C
SKU00181,Beverages,Beverages_Sub4,BakeWell,1000,21.7,13.24,38.99,0.0038171341243471435,A
SKU00182,Kids,Kids_Sub4,PureCare,1000,17.99,9.48,47.3,0.3403800926666749,B
SKU00183,Beverages,Beverages_Sub3,Miko,500,33.39,17.08,48.85,0.3039464012407238,D
SKU00184,Staples,Staples_Sub4,ChillFrost,200,94.27,73.15,22.4,0.6649849034759953,B
SKU00185,Frozen,Frozen_Sub1,Miko,500,10.02,5.6,44.11,0.3897593874264921,D
SKU00186,Essentials,Essentials_Sub4,Miko,500,55.4,43.26,21.91,0.4790700631033512,A
SKU00187,Beverages,Beverages_Sub4,Miko,250,116.29,63.33,45.54,0.7076883263306187,C
SKU00188,Frozen,Frozen_Sub2,CoolSip,200,102.34,86.34,15.63,0.6213444972535296,A
SKU00189,Frozen,Frozen_Sub4,PureCare,1000,79.86,52.5,34.26,0.2184431828833071,E
SKU00190,Essentials,Essentials_Sub4,PureCare,250,15.07,10.53,30.13,0.2838284470235203,C
SKU00191,Essentials,Essentials_Sub3,PureCare,500,90.33,64.1,29.04,0.06449127124916754,D
SKU00192,Snacks,Snacks_Sub1,BakeWell,250,47.44,40.14,15.39,0.6261761715931382,E
SKU00193,Staples,Staples_Sub1,Miko,1000,74.11,62.88,15.15,0.8556960938375394,E
SKU00194,Essentials,Essentials_Sub4,ChillFrost,200,75.89,41.0,45.97,0.0938572848233562,E
SKU00195,Beverages,Beverages_Sub4,CoolSip,200,17.12,14.29,16.53,0.025141958277272725,D
SKU00196,Staples,Staples_Sub4,Miko,500,25.13,15.56,38.08,0.16482467534676204,E
SKU00197,Frozen,Frozen_Sub2,ChillFrost,200,87.29,50.9,41.69,0.5123637775457907,D
SKU00198,Kids,Kids_Sub2,ChillFrost,200,116.78,69.13,40.8,0.27156876475103986,C
SKU00199,Beverages,Beverages_Sub1,Miko,250,108.06,54.14,49.9,0.03976596498856955,B
SKU00200,Frozen,Frozen_Sub4,CoolSip,1000,61.66,40.55,34.24,0.47297134609551017,C
SKU00201,Staples,Staples_Sub3,BakeWell,1000,32.77,22.31,31.92,0.005505799160420821,A
SKU00202,Staples,Staples_Sub4,CoolSip,1000,21.88,13.53,38.16,0.8025856795798129,A
SKU00203,Staples,Staples_Sub2,CoolSip,250,112.49,71.88,36.1,0.08709276679577149,A
SKU00204,Beverages,Beverages_Sub4,BakeWell,500,106.78,74.87,29.88,0.029668223064739818,C
SKU00205,Staples,Staples_Sub3,CoolSip,200,112.24,62.61,44.22,0.3898723529415441,C
SKU00206,Kids,Kids_Sub4,BakeWell,200,38.4,28.27,26.38,0.29672764110409,B
SKU00207,Kids,Kids_Sub2,BakeWell,1000,104.92,52.54,49.92,0.7175721247315944,A
SKU00208,Kids,Kids_Sub2,FizMax,250,83.18,64.89,21.99,0.6626645130593555,E
SKU00209,Frozen,Frozen_Sub3,ChillFrost,1000,92.63,48.62,47.51,0.08018001408190345,A
SKU00210,Snacks,Snacks_Sub3,BakeWell,200,81.11,65.77,18.91,0.5986924023190974,B
SKU00211,Frozen,Frozen_Sub2,PureCare,200,26.98,15.11,44.0,0.6378770926636339,E
SKU00212,Snacks,Snacks_Sub1,Miko,500,68.74,37.79,45.02,0.011706610730904066,D
SKU00213,Frozen,Frozen_Sub3,PureCare,500,73.49,37.87,48.47,0.12300329512374564,A
SKU00214,Beverages,Beverages_Sub3,PureCare,250,103.02,76.48,25.76,0.42993107739014813,C
SKU00215,Essentials,Essentials_Sub3,PureCare,200,104.79,74.04,29.34,0.2262791082142318,C
SKU00216,Frozen,Frozen_Sub4,ChillFrost,500,93.53,50.0,46.54,0.8896520330175663,B
SKU00217,Frozen,Frozen_Sub1,Miko,1000,53.23,36.41,31.6,0.5116813865815117,D
SKU00218,Essentials,Essentials_Sub3,ChillFrost,200,107.91,67.02,37.89,0.15445974722332378,E
SKU00219,Snacks,Snacks_Sub4,FizMax,1000,10.74,6.82,36.5,0.7917202592613465,C
SKU00220,Beverages,Beverages_Sub1,Miko,1000,76.64,48.1,37.24,0.2178925542549901,D
SKU00221,Staples,Staples_Sub1,ChillFrost,200,25.46,17.06,32.99,0.027536719869465487,C
SKU00222,Frozen,Frozen_Sub3,BakeWell,1000,20.92,11.99,42.69,0.9256373300253358,C
SKU00223,Snacks,Snacks_Sub3,FizMax,250,93.18,61.54,33.96,0.2892447719726545,E
SKU00224,Snacks,Snacks_Sub1,BakeWell,250,51.23,34.11,33.42,0.4441277131657516,B
SKU00225,Kids,Kids_Sub1,PureCare,200,41.72,34.89,16.37,0.38948189490242036,E
SKU00226,Staples,Staples_Sub4,BakeWell,200,62.57,42.94,31.37,0.16833695591913023,E
SKU00227,Frozen,Frozen_Sub3,CoolSip,500,43.26,25.56,40.92,0.19462383670487193,A
SKU00228,Essentials,Essentials_Sub2,ChillFrost,200,116.31,80.86,30.48,0.34727703903050755,D
SKU00229,Essentials,Essentials_Sub3,BakeWell,500,99.84,57.16,42.75,0.7823883294600873,C
SKU00230,Kids,Kids_Sub2,Miko,200,97.18,64.29,33.84,0.7308180287118088,D
SKU00231,Essentials,Essentials_Sub1,BakeWell,1000,109.76,59.97,45.36,0.5930145003605977,B
SKU00232,Frozen,Frozen_Sub2,BakeWell,500,105.7,57.68,45.43,0.790509794274885,D
SKU00233,Essentials,Essentials_Sub1,ChillFrost,200,106.48,88.42,16.96,0.14879596940511564,C
SKU00234,Snacks,Snacks_Sub4,ChillFrost,1000,93.01,62.52,32.78,0.3024474782893799,D
SKU00235,Staples,Staples_Sub3,PureCare,250,93.8,59.59,36.47,0.5112754622007512,A
SKU00236,Frozen,Frozen_Sub2,PureCare,500,108.39,71.49,34.04,0.4434558363819041,D
SKU00237,Essentials,Essentials_Sub3,PureCare,1000,103.94,67.95,34.63,0.8469688542070605,C
SKU00238,Staples,Staples_Sub3,CoolSip,200,66.15,47.58,28.07,0.9263826067300868,B
SKU00239,Staples,Staples_Sub1,Miko,500,105.93,72.51,31.55,0.6325441099658279,E
SKU00240,Kids,Kids_Sub2,PureCare,1000,90.64,62.09,31.5,0.7933940143053477,C
SKU00241,Frozen,Frozen_Sub2,FizMax,200,19.88,9.96,49.9,0.04416193617783126,D
SKU00242,Beverages,Beverages_Sub1,PureCare,500,25.71,19.63,23.65,0.768922782107641,A
SKU00243,Beverages,Beverages_Sub4,CoolSip,250,21.48,13.74,36.03,0.7231494864646295,D
SKU00244,Staples,Staples_Sub3,Miko,500,48.37,26.06,46.12,0.8082352100092222,E
SKU00245,Snacks,Snacks_Sub1,BakeWell,500,67.48,40.82,39.51,0.07686207527616351,B
SKU00246,Snacks,Snacks_Sub4,Miko,1000,25.97,19.44,25.14,0.6668544210142678,D
SKU00247,Snacks,Snacks_Sub3,CoolSip,1000,42.18,23.34,44.67,0.26616801251553746,E
SKU00248,Essentials,Essentials_Sub3,PureCare,200,80.45,67.79,15.74,0.6034930960433786,E
SKU00249,Frozen,Frozen_Sub1,PureCare,250,30.66,23.05,24.82,0.8669334683518837,B
SKU00250,Snacks,Snacks_Sub4,Miko,1000,80.08,54.79,31.58,0.46317271675134175,D
SKU00251,Essentials,Essentials_Sub4,Miko,250,67.22,36.97,45.0,0.7753461504031356,B
SKU00252,Kids,Kids_Sub3,Miko,250,24.72,17.81,27.95,0.05433203482290383,D
SKU00253,Beverages,Beverages_Sub3,PureCare,500,30.79,23.83,22.6,0.7150387188506838,A
SKU00254,Snacks,Snacks_Sub4,PureCare,250,37.15,28.21,24.06,0.3162701497293068,C
SKU00255,Beverages,Beverages_Sub1,CoolSip,500,72.15,57.96,19.67,0.5718091636071537,B
SKU00256,Frozen,Frozen_Sub1,CoolSip,200,51.5,42.63,17.22,0.6751400611496681,A
SKU00257,Snacks,Snacks_Sub3,FizMax,200,52.64,37.98,27.85,0.7038570916343312,B
SKU00258,Essentials,Essentials_Sub1,CoolSip,200,30.11,17.99,40.25,0.12960065119544195,D
SKU00259,Beverages,Beverages_Sub2,PureCare,200,62.29,44.97,27.81,0.9994662482156307,A
SKU00260,Essentials,Essentials_Sub2,ChillFrost,1000,57.6,38.03,33.98,0.20888272400516372,C
SKU00261,Kids,Kids_Sub1,ChillFrost,500,94.43,60.98,35.42,0.8221798868164233,B
SKU00262,Beverages,Beverages_Sub1,Miko,500,90.35,65.66,27.33,0.7962405955628543,E
SKU00263,Essentials,Essentials_Sub2,PureCare,1000,112.39,61.14,45.6,0.7370965504320512,D
SKU00264,Kids,Kids_Sub1,ChillFrost,1000,61.5,43.22,29.72,0.08534133648432485,C
SKU00265,Frozen,Frozen_Sub1,PureCare,200,22.27,15.16,31.93,0.2675926767279715,E
SKU00266,Snacks,Snacks_Sub2,BakeWell,200,110.22,87.45,20.66,0.7093829670873909,B
SKU00267,Frozen,Frozen_Sub1,CoolSip,500,46.33,37.86,18.28,0.2666751966619776,E
SKU00268,Frozen,Frozen_Sub1,ChillFrost,250,67.09,49.45,26.29,0.3118638579168832,D
SKU00269,Beverages,Beverages_Sub4,ChillFrost,250,104.28,73.14,29.86,0.07638494499145598,A
SKU00270,Snacks,Snacks_Sub1,Miko,500,11.93,7.19,39.73,0.7731418739186715,B
SKU00271,Kids,Kids_Sub1,Miko,1000,10.15,6.14,39.51,0.6464587416379305,D
SKU00272,Frozen,Frozen_Sub1,CoolSip,1000,96.15,74.34,22.68,0.4579957590035715,C
SKU00273,Kids,Kids_Sub4,CoolSip,200,35.11,20.59,41.36,0.4840770697102016,D
SKU00274,Kids,Kids_Sub2,ChillFrost,250,118.92,69.41,41.63,0.5307373552868359,D
SKU00275,Snacks,Snacks_Sub3,ChillFrost,250,50.22,29.07,42.11,0.19583308413427003,B
SKU00276,Beverages,Beverages_Sub2,PureCare,250,44.67,26.65,40.34,0.9816533238524479,D
SKU00277,Kids,Kids_Sub3,CoolSip,200,47.97,39.39,17.89,0.2905045056714204,D
SKU00278,Beverages,Beverages_Sub3,PureCare,250,16.84,9.29,44.83,0.007841590771916818,D
SKU00279,Beverages,Beverages_Sub3,Miko,200,115.37,79.07,31.46,0.24189329411288918,E
SKU00280,Snacks,Snacks_Sub1,Miko,200,78.3,64.6,17.5,0.7608543445144956,B
SKU00281,Staples,Staples_Sub1,Miko,500,28.23,18.52,34.4,0.20918546540792782,C
SKU00282,Kids,Kids_Sub1,PureCare,1000,119.45,81.77,31.54,0.3918582964090789,D
SKU00283,Staples,Staples_Sub1,ChillFrost,500,64.81,41.63,35.77,0.9530200211788992,A
SKU00284,Kids,Kids_Sub3,BakeWell,200,111.13,62.41,43.84,0.2139570386882369,B
SKU00285,Snacks,Snacks_Sub2,ChillFrost,1000,97.19,79.48,18.22,0.9437015928202208,C
SKU00286,Frozen,Frozen_Sub1,FizMax,250,93.3,51.93,44.34,0.47690010646797,D
SKU00287,Staples,Staples_Sub1,CoolSip,500,95.95,80.22,16.39,0.7635790688665726,E
SKU00288,Staples,Staples_Sub4,PureCare,200,10.99,6.87,37.49,0.926194068431782,B
SKU00289,Frozen,Frozen_Sub1,FizMax,1000,29.57,20.11,31.99,0.8082754395559376,E
SKU00290,Frozen,Frozen_Sub1,BakeWell,500,108.41,54.22,49.99,0.9013830966419349,C
SKU00291,Snacks,Snacks_Sub3,PureCare,1000,66.4,44.39,33.15,0.6354436456595226,D
SKU00292,Essentials,Essentials_Sub2,CoolSip,500,114.6,80.45,29.8,0.3571211593005028,B
SKU00293,Essentials,Essentials_Sub4,BakeWell,1000,73.12,47.2,35.45,0.8472716677218594,A
SKU00294,Snacks,Snacks_Sub2,BakeWell,1000,21.2,14.35,32.31,0.22085278296300892,A
SKU00295,Essentials,Essentials_Sub2,PureCare,200,26.3,19.41,26.2,0.22489021681591248,D
SKU00296,Essentials,Essentials_Sub4,CoolSip,1000,73.81,50.25,31.92,0.7587762537573252,C
SKU00297,Essentials,Essentials_Sub4,FizMax,1000,54.1,41.5,23.29,0.8231608307088593,D
SKU00298,Snacks,Snacks_Sub4,BakeWell,200,38.08,22.98,39.65,0.5938024808096155,D
SKU00299,Staples,Staples_Sub1,CoolSip,1000,42.48,34.32,19.21,0.4600023955807989,C
SKU00300,Essentials,Essentials_Sub4,FizMax,200,94.82,69.14,27.08,0.15159507480009937,A
